{
  "XGBoost": {
    "log_loss": 0.6927145017694798,
    "roc_auc": 0.5122575772802304,
    "brier_score": 0.2496032186468821,
    "accuracy": 0.538032442633339,
    "precision": 0.5461750357796894,
    "recall": 0.9032397628076247,
    "specificity": 0.10016477145588804
  }
}