{
  "XGBoost": {
    "log_loss": 0.6911375342925489,
    "roc_auc": 0.5031030260836022,
    "brier_score": 0.24888937176247006,
    "accuracy": 0.5404515326299625,
    "precision": 0.545142645496457,
    "recall": 0.9489391664333766,
    "specificity": 0.05069265037938119
  }
}