{
  "uncalibrated": {
    "brier": 0.20508231663592924,
    "log_loss": 0.5931860038452768,
    "roc_auc": 0.7374693997716651
  },
  "isotonic": {
    "brier": 0.14821826156366535,
    "log_loss": 0.4512932661078995,
    "roc_auc": 0.8687877934654699
  },
  "sigmoid": {
    "brier": 0.14858492783998747,
    "log_loss": 0.45422804104784065,
    "roc_auc": 0.8673781761690671
  }
}