{
  "uncalibrated": {
    "brier": 0.20508231663592924,
    "log_loss": 0.5931860038452768,
    "roc_auc": 0.7374693997716651,
    "ece": 0.1348228960215664,
    "mce": 0.07969072043836531
  },
  "isotonic": {
    "brier": 0.14821826156366535,
    "log_loss": 0.4512932661078995,
    "roc_auc": 0.8687877934654699,
    "ece": 0.23427256776903005,
    "mce": 0.06281936475587394
  },
  "sigmoid": {
    "brier": 0.14858492783998747,
    "log_loss": 0.45422804104784065,
    "roc_auc": 0.8673781761690671,
    "ece": 0.23906820436867812,
    "mce": 0.045979266644799704
  }
}